year,ore_tonn,waste_tonn,cashflow,discounted,cum_discounted
1,9991800.0,621752040.0,-247404403.73215997,-247404403.73215997,-247404403.73215997
2,9991800.0,36347220.0,150598481.34930003,130955201.17330436,-116449202.55885561
3,9991800.0,35233380.0,125741341.19069001,95078518.8587448,-21370683.700110808
4,9991800.0,28648620.0,117218672.39109,77073179.84126902,55702496.14115821
5,9991800.0,19541340.0,110648207.50174001,63263471.758171275,118965967.89932948
6,9991800.0,25045020.0,121080260.36888999,60198288.55927164,179164256.45860112
7,9991800.0,17395560.0,126558880.37627,54714896.49433106,233879152.95293218
8,9975420.0,8697780.0,119803374.39391999,45038525.94244832,278917678.8953805
